sd@gmail.com;asda@gmail.com
"Gilberto Abbagnale-Scotto";"Dott. Flora Pellegrini"
"Claudia Vitturi";"Emily Crawford"
"Molly Gay";"David Powell"
"Chelsey Mckinney";"Sig.ra Gelsomina Pareto"
"Ruggero Stradivari-Veltroni";"Gianna Cardano-Badoglio"
"Barbara Perez";"Sharon Baldwin"
"Ebony Osborne";"Michael Lyons"
"Fulvio Marzorati";"James Harvey"
"Aurora Vespucci-Foà";"Julie Williams"
"Panfilo Duse";"Juan Marsh"
"Travis Koch";"Piersanti Armani"
"Federico Ossola";"Matthew Joseph"
"Joshua Underwood";"Griselda Sonnino"
"Martino Micca";"Sole Bertoli"
"Lisa Benton";"Mr. Thomas Brooks DDS"
"Bettina Canova";"Rachel Simpson"
"Luis Myers";"Jimmy Wood"
"Gianna Rossetti";"Biagio Curci"
"Alessandro Eco-Murri";"David Williams"
"Dott. Lolita Novaro";"Sig.ra Maria Deledda"
"Antonio Lombardi";"Cesare Sforza"
"Jessica Walton MD";"Harold Turner"
"Jeremy Thompson";"Kenneth Robinson"
"Dott. Giulietta Berlusconi";"Lolita Casalodi-Terragni"
"Charles Williams";"Allison Johnson"
"Brandon Edwards";"Angel Jacobs"
"Michelle Daniels";"Paul Suarez"
"Daniel Cain";"Dott. Sebastiano Polizzi"
"Maurizio Florio";"Marcantonio Notarbartolo"
"Jennifer Perez";"Kenneth Summers"
"Matthew Woods";"Sig.ra Giorgia Milanesi"
"Gaspare Fogazzaro";"Johnny Crawford"
"Ermenegildo Cignaroli";"Sante Contrafatto"
"Chad Hughes";"Rodney Ryan"
"Kenneth Kelly";"Kyle Lane"
"Amber Bishop";"Dott. Guarino Scarfoglio"
"Matthew Richardson";"Cheryl Burton"
"Rebecca Williams";"Antonio Marconi"
"Christopher Scott";"Brandon Blevins"
"Dott. Elvira Riccardi";"Jennifer Parsons"
"Erika Viola";"Atenulf Cutuli"
"Gilberto Brancaccio";"Loredana Giannuzzi"
"Lisa Rodriguez";"Pomponio Maderna"
"Dana Rubio";"Ornella Bergoglio"
"Alicia Hamilton";"Letizia Polizzi-Sorrentino"
"William Mora";"Gian Ferretti"
"Romolo Einaudi-Bonino";"Cristina Sermonti-Spadafora"
"Giustino Fallaci";"Amber Zavala"
"Dott. Martino Babato";"Sig. Liberto Montesano"
"John Day";"Phillip Lawson"
"Cristina Scaramucci";"Annamaria Martucci"
"Meghan Sullivan";"Donatella Cuomo"
"Brian Moore";"Ilaria Trussardi"
"Dawn Wade";"Megan Jackson"
"Rembrandt Bruscantini-Fantoni";"Todd Barnett"
"Imelda Barcaccia";"Dott. Raffaellino Morricone"
"Gianna Bottaro";"Laura Palumbo-Zola"
"Krista Myers";"Sig.ra Susanna Virgilio"
"Giovanna Mimun";"Ryan Lee"
"Natasha White";"Dott. Ricciotti Moschino"
"Camilla Palumbo";"John Thompson"
"Elmo Scaramucci";"Adele Rusticucci"
"Lodovico Sordi-Ruffini";"Dott. Aria Proietti"
"James Thompson";"Susan Clayton"
"Hailey Mitchell";"Crystal Vazquez"
"Romina Boito";"Melissa Johnson"
"Natalia Canova";"Christopher Shannon"
"Fiorino Sansoni";"Giuseppina Cabibbo"
"Luciana Leone";"Haley Russell"
"Holly Cruz";"Bradley Yates"
"Giorgia Tutino";"Rita Abbagnale"
"Dott. Stefania Solimena";"Rebecca Finley"
"Caroline Horton";"Nina Zaguri"
"Timothy Reed";"Barbara Brennan"
"Lucrezia Boaga-Einaudi";"Dominique Cross"
"Cheryl Williams";"Gloria Tutino"
"Ninetta Bonolis";"Bradley Rodgers"
"Mariano Zacchia";"Amanda Hubbard"
"Heather Horne";"Tonia Scotto-Scaramucci"
"Adelasia Coppola";"Alyssa Mcintyre"
"Nicole Williams";"John Michael"
"Lazzaro Cheda";"Beatrice Faggiani"
"Gastone Nievo";"Kimberly Campbell"
"Jeffrey Johnson";"Samuel Smith"
"Sig.ra Rita Ramazzotti";"Sarah Sims"
"Annette Clark";"Monica Gentileschi-Sauro"
"Keith Williams";"Annetta Calarco"
"Edward Anderson";"Paul Taylor"
"Jessica Rice";"Tammy Henry"
"Dr. Rickey Mack";"Sig.ra Letizia Ceravolo"
"Robert Everett";"Michelle Houston"
"Courtney Davis DVM";"Giuseppe Legnante"
"Adriana Carriera";"Ansaldo Tropea"
"Caterina Villarosa";"Ronald Houston"
"Massimiliano Cimarosa";"David Coffey"
"Massimo Caccianemico";"Curtis Obrien"
"Enrico Gagliano";"Stanley Berg"
"Manuel Busoni";"Blake Davis"
"Wesley Thomas";"Vincent Clarke"
"Melissa Beffa";"Charles Hill"
"Megan Mccoy";"Luke Kennedy"
"Marcella Doglioni";"Graziella Montecchi"
"Christine Delacruz";"Jeremy Jones"
"Veronica Cole";"Anthony Garcia"
"Sig.ra Paloma Ginesio";"Craig Owens"
"Dana Bridges";"David Fry"
"Dina Sauro-Zecchini";"Ashley Olson DDS"
"Anthony Nunez";"Vittorio Costanzi"
"Dott. Paola Gullotta";"Ennio Ortese"
"Graziella Puglisi";"Andrea Hanna"
"David Chan";"Dale Spencer"
"Timothy Hogan";"Sheila Solomon"
"Pierina Barbarigo-Franzese";"Charlene Rubio"
"Liliana Barese";"Annalisa Villadicani"
"Ugo Sgalambro-Piazzi";"Courtney Brown"
"Lucia Tomasetti";"Dott. Gianmarco Cammarata"
"Richard Orr";"Gary Greer"
"Andrea Christensen";"Julie Hughes"
"Dina Riccati";"James Brewer"
"Deborah Morrow";"Sandro Cardano"
"Ellen Martinez";"Dott. Nico Cannizzaro"
"Denise Harper";"Lance Smith"
"Umberto Trentin";"Baldassare Ceri-Pezzali"
"Randall Alvarez";"Colleen Bowers"
"Patrizio Donatoni";"Christine Griffin"
"Betty Bullock";"Peter Glover"
"Iolanda Canevascini";"Brent Lopez Jr."
"Kristen Tran";"Molly Taylor"
"Evangelista Ossola";"Giorgia Fantini"
"Heather Cobb";"Patrizia Vercelloni"
"Julie Silva";"Paoletta Bernini"
"David Miller";"Milena Balbo"
"Osvaldo Camanni";"Brandon Herring"
"Monica Ramos";"Stefano Fattori-Monteverdi"
"Milo Leonardi";"Tracy Cox"
"Barbara Norris";"Steve Perez"
"Brandy Reed";"Dennis Lee"
"Sig.ra Eleanora Strangio";"Ronald Robertson"
"Gloria Federico";"Luigina Frescobaldi"
"Elisa Binaghi";"Gaetano Missoni-Maccanelli"
"Sabrina Velasquez";"Maurizio Santi-Canevascini"
"Elisa Tamburi-Lancisi";"Sig. Armando Marcacci"
"Eva Antonello";"Anna Campbell"
"Tina Shaffer";"Kelly Walker"
"Mercedes Ostinelli";"Jolanda Giunti"
"Dott. Cesare Monicelli";"Sig. Alessio Campise"
"Timothy Harris";"Chelsea Willis"
"Lee Tyler";"Stacy Hogan"
"Matthew Bowen";"Marissa Gonzalez"
"Gioacchino Basadonna";"Concetta Grassi"
"Dott. Guido Pizziol";"Antonella Barberini"
"Nicolò Cesaroni";"Dott. Rosalia Badoglio"
"Christopher Rice";"Randy Alexander"
"Melissa Kline";"Ronaldo Camanni"
"Allison Williams";"Michelle Roberts"
"Luciana Lollobrigida";"Victor West"
"Valerie Barnes";"Sig. Mirco Marrone"
"Jennifer Lewis";"Todd Brown"
"Aurora Corradi-Vivaldi";"Beth Barnes"
"Lodovico Palladio";"Venancio Tebaldi-Trombetta"
"Dott. Armando Contarini";"Tatiana Villarosa-Lamborghini"
"David Walker";"Pamela Montoya"
"Mrs. Yvette Taylor DVM";"Jennifer Ballard"
"Natalia Pinamonte-Marrone";"Diamond Morales"
"Teresa Badoglio";"Adelasia Zabarella"
"April Frazier";"Brandy Thomas"
"Matthew Patterson";"Ryan Franklin"
"Pierangelo Cilibrasi";"Scott Pittman"
"Teresa Pedrazzini";"Ramona Baresi"
"Sig. Giuseppe Gotti";"Jason Barnes"
"Niccolò Offredi-Niscoromni";"Virginia Merisi"
"Melina Puglisi-Gotti";"Paride Lamborghini-Interminelli"
"Dott. Amedeo Morandi";"Frank Guerrero"
"Ippazio Guicciardini";"Kathryn Goodwin"
"Annamaria Guidotti";"John Guzman"
"Olga Pozzecco";"Carolyn Matthews"
"Nina Galuppi-Vergassola";"Flora Tozzi"
"Federigo Norbiato";"Bernardo Fieramosca"
"Dr. Kevin Anderson";"Nathan Graves"
"Steven Daniels";"Riccardo Farina"
"Damiano Ferrabosco";"Janice King"
"Nicole Cisneros";"Cirillo Majorana-Giorgetti"
"Silvestro Ciampi";"Larry Welch"
"Gary Cardenas";"Richard Fuentes"
"Katrina Fisher";"Guido Pacelli"
"Marisa Coardi";"Dennis Willis DVM"
"Nicoletta Pellegrini-Ortolani";"Adrienne Washington"
"Paloma Vezzali";"Michelotto Guariento-Bellucci"
"Justin Scott";"Ansaldo Juvara-Montecchi"
"Raffaella Pennetta-Monte";"Mason Soto"
"Annalisa Micca";"Sig.ra Eliana Pacetti"
"Cassandra Frescobaldi";"Katelyn Nelson"
"Molly Whitney";"Maria Tomei"
"Jacob Roberts";"James Smith"
"Gino Ricolfi";"Ariel Dillon"
"Sandra Barnett";"Meredith Garcia"
"Filippa Valmarana";"Eric Ramos"
"Kristina Hanson";"Gianmarco Moresi"
"Concetta Beffa";"John Sharp"
"Ronald Chambers";"Alexander Davis"
"Jillian Lee";"Patrick Monroe"
"Steven Saunders";"Valentina Scandone"
"Lolita Grifeo";"Dott. Monica Gradenigo"
"Robert Davis";"Carlo Modiano"
"Fulvio Gentilini";"Erica Martinez"
"Rachel Schultz";"Lucrezia Camiscione"
"Nichole Manning";"Andrea Wilson"
"Ruggero Cicala";"Michelle May"
"Jacob Moore";"Isabella Montanelli"
"Bianca Columbo";"Jennifer Cantrell MD"
"Alex Chen";"Destiny Hobbs"
"Susanna Sismondi-Nicolini";"Brandon Mcmahon"
"Emily Grant";"Rita Asprucci"
"Maria Gritti";"Ugo Castelli"
"Gilberto Balbi";"Fortunata Tirabassi"
"Cynthia Ford";"Eric Randall"
"Paulina Satta";"Jennifer Cook"
"Ilaria Ricciardi-Speri";"Eleanora Toscani-Onio"
"Dr. Jennifer Perkins";"Joseph Diaz"
"Vittoria Tartaglia-Canevascini";"Rocco Vigliotti"
"Lolita Borsiere";"Renee Johnson"
"Jenny Acosta";"Colin Williams"
"Martino Monaco";"Nedda Baroffio"
"Adele Bazzi";"Beppe Basso"
"Romana Galiazzo";"Greca Cerutti-Serao"
"Heather Morales";"Sarah Fuller"
"Flavia Pagliaro-Curci";"Jimmy Rubio"
"Giancarlo Bonolis";"Atenulf Pizzamano"
"Renee Hunt";"Antonello Gregori"
"Jeremy Ayers";"Ronaldo Tomasini"
"Jerry Watkins";"Jennifer Bailey"
"Elizabeth Rollins";"Arturo Brancaccio"
"Sig.ra Lolita Veneziano";"Armando Vergassola"
"Fredo Broschi-Bettoni";"Elmo Boccaccio"
"Serena Barese-Proietti";"Victoria Platini"
"John Bishop";"Kevin Hayes"
"Amber Ortiz";"Jeremy Ray MD"
"Melissa Mcguire";"Erin Jones"
"Wayne Jones";"Sante Guidotti"
"Sandra Falcone";"Fabrizia Rinaldi"
"Pasqual Battelli-Querini";"Sig.ra Paoletta Paoletti"
"Samuel Reyes";"Elizabeth Fisher"
"Alison Barrett";"Dott. Maura Vanvitelli"
"Christina Munoz";"Michael Adams"
"Sherry Hall";"Tammy Murphy"
"Robert Shelton";"Ludovica Ortolani"
"Jennifer Perez";"Adrienne Maxwell"
"Damiano Vidoni";"Peter White"
"Margaret Morgan";"Candice Foster"
"Tara Robinson";"Adamo Rossetti"
"Ryan Lloyd";"Fiamma Camuccini"
"Raffaellino Vittadello";"Giulio Bersani-Carosone"
"Valentina Mondaini";"Greca Totino"
"Henry Campbell";"Adamo Gilardoni"
"Victoria Allen";"Giuliana Petralli"
"Irma Garozzo";"Gianpaolo Filogamo"
"Barry Fernandez";"Roberta Spallanzani-Petralli"
"Kelly Sheppard";"Joanna Anderson"
"Rebecca Reynolds";"Dana Gonzalez"
"Dott. Annetta Tutino";"Daria Caffarelli"
"Kevin King";"Thomas Smith"
"Luca Cherubini";"Sig.ra Alessia Niscoromni"
"Napoleone Napolitano";"Luigina Raurica"
"Sig.ra Margherita Majewski";"Stephanie Fitzgerald"
"Devin Mcguire";"Dott. Paoletta Gramsci"
"Dott. Erika Spallanzani";"Ramona Interminelli"
"Leslie Garcia";"Liliana Pasqua"
"Ottone Capone-Tognazzi";"Lacey Collins"
"Michela Acerbi";"Priscilla Antonacci"
"Allen Wallace";"Tony Martinez"
"Amleto Venier";"Eric Griffith"
"Giulia Musatti";"Ashley Fowler"
"Hannah Nichols";"Bethany Chavez"
"John Davis";"Mirko Pisaroni"
"Damon Lucas PhD";"Stephanie Norman"
"Riccardo Giunti";"Antonello Gagliardi"
"Peter Pearson";"Tonino Tarantini"
"Milena Niscoromni";"Romana Cannizzaro"
"Dott. Angelina Onio";"Amanda Walker"
"Lauren Shields";"Mr. Paul Nguyen"
"Dott. Baldassare Savorgnan";"Dott. Lamberto Iadanza"
"Alessio Zeffirelli-Manolesso";"Zaira Altera"
"Maria Porter";"Anthony Johnson"
"Claudia Spanevello";"Ansaldo Calbo"
"Flavio Morucci";"Kim Sherman"
"Ramona Bianchi";"Gianluca Bertoni-Perini"
"Richard Lynch";"Beppe Tosi-Lucarelli"
"Damiano Magrassi";"Phillip Martin"
"Patrick Ball";"Terry Alvarado"
"Eugenia Cattaneo";"Jesse Greene"
"Molly Paul";"Sheena Smith DVM"
"Dott. Adelasia Condoleo";"Nico Trebbi-Babati"
"Bianca Sgarbi";"Tatiana Lippomano"
"Brad Ali";"Rebecca Harrell"
"Angela Ramos";"Mariah King"
"Paola Pirelli";"Allen Jackson"
"Graziano Adinolfi-Fantozzi";"Dott. Sandro Deledda"
"Ludovico Marazzi";"Ramona Meucci"
"Richard Doyle";"Guarino Cattaneo"
"Romana Sinisi";"Caitlin Martinez"
"Linda Morales";"Daniele Virgilio-Montessori"
"Becky Sanchez";"Jonathan Alvarado"
"Nadia Nitti";"Cassandra Cooper"
"Sig. Raffaele Muratori";"Jack Cummings"
"Giacobbe Palumbo";"Melina Tutino"
"Anthony Hubbard Jr.";"Ruggero Pisacane"
"Cindy Welch";"Amy Rodgers"
"William Cole";"Dr. Kevin Maldonado"
"Flora Folliero-Ortolani";"Timothy Hodges"
"Troy Smith";"Dina Bajamonti"
"Franco Mocenigo";"Amber Hanson"
"Rossana Fusani";"Dawn Johnson"
"Biagio Porzio";"Glen Evans"
"Romana Agazzi";"Annalisa Micca-Coppola"
"Giulia Bramante-Venditti";"Meghan Ramos"
"James Blackwell";"Giulio Casalodi"
"Gabriella Monti";"Donald Marshall"
"Vincenza Forza";"Federica Dibiasi"
"Giulietta Mengolo";"Scott Jordan"
"Jeremy Hansen";"Brian Ford"
"Travis Reyes";"Germana Rubbia"
"Heather Hoffman MD";"Dott. Sylvia Cappelli"
"Sabatino Bernetti";"Joyce Garcia"
"Joshua Chandler";"Concetta Gasperi"
"Tamara Collins";"William Olsen"
"Tanya Weiss";"Sarah Gonzalez MD"
"Sig. Ezio Ferragamo";"Troy Miller"
"Concetta Casaleggio-Ariosto";"Kristen Stewart"
"Bruce Anderson";"Rolando Petruzzi"
"Fortunata Modugno-Castioni";"Wendy Robinson"
"Antonio Vendetti";"Kristopher Rodriguez"
"Iolanda Schicchi";"Sabatino Molesini"
"Caterina Govoni";"Victoria Angeli"
"Licia Balla";"Danielle Villa"
"Philip Harding";"Teresa Gottardi"
"Dott. Loredana Barcaccia";"Brad Wallace"
"Carol Ward";"Anita Brown"
"Martino Telesio";"Riccardo Mortati"
"Bianca Barracco";"Sig.ra Virginia Gaiatto"
"Samuel Fitzpatrick";"Corey Davis"
"Sig. Claudio Legnante";"Sig. Geronimo Spanevello"
"Vincenza Gozzi";"Camilla Mogherini"
"Lauretta Babato";"Sylvia Lovato"
"James Rice";"Anthony Santos"
"Dott. Gabriele Tebaldi";"Alicia Montoya"
"Nicholas Reese MD";"Kelly Mccormick"
"Mark Beck";"Natasha Thompson"
"Kevin Singleton";"Tina Jones"
"James Flores";"Tonia Venturi"
"Gionata Malaparte-Bignami";"Lucia Crespi"
"Holly Clayton";"Charles Rodriguez"
"Brian Larson";"Carolina Bajamonti"
"Lisa Ceschi";"Gianfrancesco Golino"
"Robert Carter";"Raimondo Treves"
"Kelly Reeves";"Dott. Iolanda Zeffirelli"
"Sig.ra Greca Babato";"Fiorenzo Tomasetti"
"Michele Melton";"Richard Hines"
"Teresa King";"Dott. Eliana Argentero"
"Luke Richards";"Lisa Brown"
"Anthony Davis";"Tanya Olsen"
"Guglielmo Trapanese";"Elena Sollima"
"Sebastiano Giorgetti";"Elizabeth Jones"
"William Walter";"Jill Cruz"
"Fernanda Palumbo";"Sara Myers"
"Ninetta Pace";"Seth Baker"
"Sophia Schiavo-Rossi";"Fortunata Leopardi"
"Kenneth Mcdowell";"Gianfrancesco Ovadia-Falcone"
"Marina Persico";"Robert Keller"
"Lidia Giacometti";"Griselda Balbi"
"Tiziana Pirelli";"Dott. Ernesto Renier"
"Stefani Parpinel";"Aria Sabatini-Toscanini"
"Daniel Miller";"Brenda Hughes"
"Piermaria Cantimori-Jovinelli";"Alderano Rensi"
"Antonia Parpinel";"Giustino Cammarata"
"Andrea Wood";"Cipriano Tarantino-Schiavo"
"Dott. Sante Torricelli";"Penny Barnes"
"Raffaellino Zeffirelli";"Jesus Watson"
"Bianca Trapani";"Amanda Mcclain"
"Dott. Agostino Gori";"Alexander Stokes"
"Allison Woods";"Billy Trujillo"
"Charles Kelly";"Joshua Fischer"
"Luisa Malacarne-Agostinelli";"Michela Ossola"
"Ashley Hayes";"Mrs. Amanda Davis"
"Chelsea Chavez DVM";"Stacey Kirby"
"Pasqual Nolcini";"Sig. Lazzaro Luxardo"
"Marcus Hunt";"Sig. Adriano Palombi"
"Marco Iannuzzi";"Michael Carter"
"Alyssa Gardner";"Raffaello Cianciolo"
"Riccardo Interiano";"Amber Osborn"
"Luisa Carpaccio-Petralli";"Paulina Bocca"
"Suzanne Garcia";"Eric Smith"
"Eric Brown";"Rembrandt Omma"
"Tyler Sanchez";"Holly Joseph"
"Gary Tran";"Sarah Hernandez"
"Gloria Chigi-Antonelli";"Isabella Malipiero"
"Breanna Clay";"Rosaria Orsini-Casaleggio"
"Regina Wood";"Cynthia Boyd"
"Nedda Ravaglioli";"Emily Nicholson"
"Vito Sgarbi";"John Wang"
"Sig. Tullio Solimena";"Carmelo Curiel"
"Silvio Stradivari";"Corrado Lercari"
"Mark Shaw";"Torquato Volta"
"Brendan White";"Simone Saffi"
"Mariano Panzera";"Aurora Mannoia"
"Teresa Merritt";"Elladio Garzoni"
"Courtney Beck";"Megan Anthony"
"Graziano Fantoni";"Baccio Grifeo"
"Gerald Mcknight";"Cristina Sansoni"
"Sherri Salazar";"Brianna Pittman"
"Nina Foa";"Dott. Danilo Vianello"
"Jacqueline Berry MD";"Annetta Lanfranchi"
"Tiziano Toso-Ferrari";"Dott. Silvestro Emo"
"Victor Ford";"Daniele Cremonesi"
"Rosario Iannuzzi-Camuccini";"Mr. Brian Gonzales"
"Matthew Alexander";"Virginia Nordio"
"Michael Phillips";"Orazio Pertini"
"Sig.ra Adriana Tomei";"Eraldo Orlando-Fagotto"
"Sig.ra Fiamma Sanguineti";"Hailey Good"
"Helen Pena";"Jacob Shaw"
"Berenice Udinese";"Mary Griffin"
"Telemaco Randazzo";"Dott. Annibale Galiazzo"
"Aimee King";"Jacopo Angeli"
"Danielle Thompson";"Temistocle Gucci-Porcellato"
"Sig. Vito Palladio";"Travis Martin"
"Patricia Waters";"Anne Huff DDS"
"Sonia Romano";"Mark Phillips"
"Sig.ra Germana Gregorio";"Sig.ra Rosa Carli"
"Beatrice Solari";"Matthew Ryan"
"Tyler Barnes";"Ermes Pulci-Virgilio"
"Kristen Irwin";"Colleen Allison"
"Federigo Bartoli-Guinizzelli";"Rebecca Ross"
"Tonya Cooper";"Antonino Bragadin"
"Nina Pometta-Tencalla";"Robert Henry"
"Emily Jenkins";"Belinda Martinez"
"Aaron Maldonado";"Coriolano Farinelli"
"Dott. Jolanda Modugno";"Michael Salazar"
"Alan Russell";"Luciana Niscoromni-Saraceno"
"Karen Zavala";"Ivo Barsanti-Solimena"
"Ryan Carlson";"Gioachino Baresi"
"Maria Legnante";"Napoleone Dossetti"
"Puccio Garozzo";"Dott. Uberto Zarlino"
"Chiara Leblanc";"Marissa Dallara"
"Dott. Giuliana Viviani";"Venancio Salata"
"Sig.ra Adele Foa";"Tammy Arnold"
"Henry Clark";"Durante Pometta"
"Daniel Melton";"Michael Beltran"
"Orlando Combi";"Terry Robinson"
"Mariano Malatesta";"Cassandra Miller"
"Dott. Nicola Anguissola";"Giulietta Ioppi-Cusano"
"Milo Finetti";"Stacy Carter"
"Jamie Mcclain";"Paoletta Briccialdi"
"Tracey Brooks";"Shannon Lewis"
"Nathan Arnold";"Paolo Zola"
"Victor Collins";"Elisa Calvo"
"Sophia Hernandez";"Annamaria Squarcione"
"Vanessa Vecellio";"Martina Cortese"
"Cristina Amaldi";"Calogero Garobbio-Tamborini"
"Angelo Mortati";"Lindsay Taylor"
"Sharon Kelley";"Sabrina Rhodes"
"Paul Smith";"Christopher Ritter"
"Sandro Trobbiani";"Arnaldo Luria"
"Dott. Lazzaro Travia";"Nicolò Almagià"
"Sig. Ippazio Pugliese";"Fabrizia Mondaini"
"Fiamma Longhena";"Jason King"
"Graziella Luciani";"Liana Fantini"
"Cynthia Meyers";"Denise Maldonado"
"Antonia Naccari";"Wayne Ray"
"Kenneth Roman";"Jessica Marks"
"Giorgia Biagiotti-Malaparte";"Achille Cristoforetti"
"Edoardo Gigli";"Stefani Lupo"
"Berenice Lucchesi";"Kathleen Colon"
"Eric Brennan";"Angela Little"
"Giovanna Moresi";"Allegra Armellini"
"Bartolomeo Piovani-Florio";"Luchino Carullo"
"Sig.ra Rossana Aulenti";"Gabriele Tanzini"
"Caterina Crespi";"Anita Garcia"
"Adam Wood";"Benjamin Green"
"Arturo Zanichelli";"Giorgia Orlando"
"Domenico Semitecolo";"Kristin Mueller"
"Brian Neal";"Maria Acerbi-Ziani"
"Gianni Dallapé";"Joseph Dominguez"
"Kevin Reid";"Lauren Bean"
"Kenneth Jackson";"Giacomo Grassi"
"Regina Bennett";"Liberto Galeati"
"Jessica Anderson";"Katherine Molina"
"Luisa Cavalcanti";"Romeo Inzaghi"
"Mary Herman";"Jeffery Miranda"
"Charles Howard";"Andrea Wright"
"Seth Frazier";"Justin Hebert"
"Dott. Ignazio Donatoni";"Benjamin Shah"
"Kristen Jackson";"Dawn Peterson"
"Cody Johnson";"Rosaria Fogazzaro"
"James Holmes";"Dott. Beatrice Almagià"
"Lucrezia Zaguri";"Allen Myers"
"Annibale Mezzetta";"Donato Parri"
"William Smith";"Jerry Garcia"
"Renzo Raimondi";"Robert Calhoun"
"Elizabeth Moore";"Antonietta Comolli"
"Bianca Veltroni";"Giampiero Tamburi"
"Napoleone Cutuli";"Mary Thompson"
