Full Name;Age;Company;Description
'Dott. Claudio Gabbana';17;'Babbo, Giorgetti e Piazzi e figli';'Exercitationem assumenda dolore est quisquam. Similique temporibus cupiditate fugit rem aperiam. Laboriosam quia odio harum totam architecto. Rem facilis exercitationem recusandae quia adipisci. Labore iure fugit soluta voluptatem porro.'
'Adriana Ferrabosco';19;'Goodman-Young';'With create stay always reflect bed. Live not admit foreign success then. Rise some themselves.'
'Alyssa Gardner';21;'Romano, Vivaldi e Nicolini e figli';'Sort authority probably catch look hair water. Happy win important involve reflect agreement piece. Nor list watch yet wall.'
'Lisa Schmidt';22;'Garcia-Kim';'Kid next may look. Wide share today blue another. Clearly deal work give local plant community.'
'Brenda Wise';26;'Condoleo-Abate e figli';'Since draw show feel. After would father left. Camera necessary marriage.'
'Marco Wilkinson';14;'Viviani e figli';'Inventore harum odio reiciendis. Qui adipisci minima reiciendis saepe odio. Nemo expedita dicta asperiores. Ipsum a expedita sapiente eos. Voluptas reprehenderit illum.'
'Sig.ra Ludovica Ughi';23;'Chiaramonte, Speri e Beffa s.r.l.';'Natus debitis magni aut. Iste consectetur nemo alias sapiente. Delectus incidunt voluptatibus mollitia quibusdam nihil praesentium. Dolores quidem iure voluptatum officiis. Sapiente necessitatibus provident inventore. Dolores quibusdam ut explicabo odio aspernatur eum voluptate.'
'Samantha Lane';17;'Malone, Smith and Valencia';'Official store help look. Stay think large detail can. Side reduce person.'
'James Brooks';20;'Hines and Sons';'Quidem nemo facilis delectus. Laborum culpa aliquam eos inventore iste. Eveniet magnam eaque asperiores velit nisi. Provident voluptate consectetur nobis quaerat omnis recusandae repellat.'
'Ottone Piccinni-Alfieri';14;'Myers Ltd';'Mission sea manage news recent Mrs. Beyond month important true meet young few. Their final around issue relate.'
'Dott. Napoleone Antonacci';14;'Grimani, Saracino e Orsini s.r.l.';'Game evening save tax. Worker seek food especially range west its. People pull crime almost more. Agent international turn challenge surface. Sense although receive year sound own story available.'
'Christine Flores';16;'Buscetta-Rosselli SPA';'War receive walk agree almost. Give share sing apply send. Check mean those head there.'
'Robert Jensen';20;'Samele s.r.l.';'Architecto vero vitae praesentium. Ex quibusdam repellendus voluptates modi. Quas culpa amet cumque qui veniam sunt. Inventore ipsum beatae. Alias modi tempore consectetur.'
'Jeffrey Johnson';20;'Skinner, Williams and Moreno';'Minute base writer bring purpose next. Agency radio run century use. Be off sometimes treatment sense its.'
'Carolina Rismondo';16;'Torricelli SPA';'Thousand hot less billion. Light expert board begin condition partner. Choice find than company crime design point south. From central look sort. Candidate people hotel president perform health build. Soldier son capital individual anyone much increase.'
'Dott. Pierina Trevisani';15;'Ovadia e figli';'Aliquam adipisci sunt reprehenderit veniam error minus. Ex nemo minus. Necessitatibus ullam molestias.'
'Kimberly Hernandez';26;'Jackson and Sons';'Vero optio veniam eaque odit cupiditate rem. Earum odit iure deleniti. Blanditiis occaecati nemo laboriosam quibusdam quia.'
'Teresa Marshall';14;'Schiavone, Paoletti e Sollima SPA';'Corporis molestias natus magnam eveniet in. In modi placeat expedita error. Esse laudantium dolorum quasi iusto voluptatum perferendis.'
'Andrew Mendoza';17;'Warner-Larsen';'Omnis maiores quo nam atque odit. Expedita doloribus aliquid libero ratione. Asperiores ut voluptatum facilis nihil ea atque. Id eligendi voluptates porro aspernatur autem. Distinctio corporis tempore.'
'Dionigi Salvo';20;'Porter LLC';'Et quo animi. Nihil eligendi suscipit illum dignissimos. Quod esse facere excepturi et. Dolores maxime unde placeat iure.'
'Damiano Dulbecco';18;'Granatelli-Carosone Group';'Voluptatem nobis aliquam sequi tenetur quod. Ducimus non nam. A alias labore eum. Assumenda soluta quibusdam ratione expedita beatae unde. Nam rem aperiam rem tenetur beatae id. Quae voluptates minima.'
'Timothy Williams';19;'Jackson, Barron and Barnes';'Ducimus aliquam deleniti deleniti. Sed maxime illum nemo placeat. Earum molestias consectetur pariatur natus aliquam. Sit id praesentium provident occaecati ducimus. Ex hic reprehenderit animi laborum.'
'Tyler Greene';25;'Jacuzzi s.r.l.';'Quis repudiandae ut rerum ab in quibusdam. Ipsam esse magni ducimus fuga eum quasi. Non quisquam et nobis.'
'Michele Sgalambro';17;'Giannone-Martucci Group';'Thank letter detail need sport. About personal tonight some real stand class eight. Although letter to low all. Ask item happen education amount reflect capital in.'
'Fortunata Filangieri';24;'Cruz Group';'Capital accept particular model practice look end. Notice daughter list some million. Always technology street. End inside officer include book.'
'Joshua Wilson';18;'Wolfe-Alvarez';'Upon network determine street. Stand parent those television garden. Actually soon ability yourself. Five structure all stand according TV.'
'Steven Hendricks DVM';22;'Cox, Williams and Nelson';'Education attorney spring these. Rate wear visit specific begin race employee. Against scene at head left commercial so. Movement song government simply. Senior dinner police security other involve brother.'
'Biagio Bianchi';24;'Anderson-Parker';'Quaerat nulla consequuntur quaerat. Aspernatur minima sit aut quas asperiores. Magni nesciunt maxime numquam blanditiis nisi explicabo voluptates.'
'Amy Hinton';13;'Soranzo e figli';'Market him loss it argue responsibility allow. Those trial financial care contain under kitchen couple. Off positive young standard discussion.'
'Federico Serao-Monte';25;'Schiavo, Bertolucci e Bembo s.r.l.';'Turn opportunity yet doctor. Education source course account nature yard. Whom Republican type buy. Yet ever song record special consumer. Other interview enter child. Word how prove stock.'
'Erika Parsons';16;'Parmitano Group';'Quite yeah environmental reason. Student company commercial decide fund senior. Life become our woman worry if break.'
'Dott. Mercedes Visconti';23;'Nibali-Ginese SPA';'Respond his mother rather full last memory. All challenge billion both center time. Son realize well main rest know character. Positive son concern late product effort. Personal deal employee level necessary student company. Itself bank bank shoulder house appear spring.'
'Cassandra Comencini';24;'Ginese-Gianvecchio Group';'Plan small minute media data even require. Heavy fine question treatment. Western white strong foreign push technology. Become meet his budget hour significant. Forward sit kid young memory difficult. Personal expert energy level woman.'
'Giulio Deledda';24;'Wilson, Pierce and Villarreal';'Really receive thank threat happy close. Month left within value summer respond attorney left. Including single radio once two example strong like.'
'Bianca Valentino-Leoncavallo';26;'Mascagni-Casaleggio SPA';'Region central action buy. Foot trial third least economy. Now life agree service single customer. Course exactly fear. Hospital which bad decide establish view. Charge turn themselves candidate note first action environment.'
'Laura Bertoli';20;'Impastato SPA';'In rerum reprehenderit maiores nam dolor nulla. Rem non aliquid porro harum. Fuga debitis illo at. Nulla deleniti doloremque asperiores molestias eveniet laboriosam beatae. Possimus ea quibusdam nam.'
'Brandy Barber';13;'Natta s.r.l.';'Future business laugh how. Talk party deep media. Star central view act offer treatment.'
'Sig. Salvatore Fioravanti';13;'Jackson-Bernard';'Vitae voluptatum perspiciatis natus perspiciatis fugiat consequuntur. Aut harum impedit voluptas repellendus eos iure optio. Atque dolor officiis consequatur temporibus beatae. Ab deleniti eligendi repellendus.'
'Chad Valentine';23;'Fleming Group';'Boy nice talk machine. Serious gas inside not represent accept debate. According debate effect hundred last seven. Evidence despite decide send. However nice star service project him positive.'
'Jane Juarez';17;'Love, Hays and Cooper';'Minus eligendi quo hic. Quasi praesentium quibusdam quisquam error non similique culpa. Dolor expedita ipsum iusto at pariatur.'
